data_coleta,produto_id,loja,vendedor,vendedor_tipo,anuncio_id,variacao,preco,preco_promocional,frete_valor,frete_prazo_dias,custo_extra,custo_total,custo_operacional_mensal,tco_meses,valor_revenda_estimado,tco_total,nota,n_avaliacoes,nota_ajustada,garantia_meses,garantia_tipo,link,flag_suspeita,fonte,confirmacao,score,estoque,proveniencia
2026-10-05T09:29:18,lg-s3-q12ja31l,Amazon,WebContinental,terceiro,B0GL9FF7Q5,,2159.1,,0.0,15,0.0,2159.1,0.0,,0.0,2159.1,4.7,216,4.485,24,nacional,https://www.amazon.com.br/dp/B0GL9FF7Q5,,web,coleta,,disponivel,"{""estoque"": {""data"": ""2026-10-05T09:29:18"", ""estado"": ""conferido"", ""evidencia"": ""Amazon no Chrome logado 05/10; consumo 415,2 kWh/ano pela Colombo/LG, IDRS 7,0 inferido do consumo; frete e prazo vistos para o CEP do Josemar (Valparaiso), NAO para Floreal; garantia do fabricante exige instalador credenciado"", ""origem"": ""observacao_direta""}, ""frete"": {""data"": ""2026-10-05T09:29:18"", ""estado"": ""conferido"", ""evidencia"": ""Amazon no Chrome logado 05/10; consumo 415,2 kWh/ano pela Colombo/LG, IDRS 7,0 inferido do consumo; frete e prazo vistos para o CEP do Josemar (Valparaiso), NAO para Floreal; garantia do fabricante exige instalador credenciado"", ""origem"": ""observacao_direta""}, ""garantia"": {""data"": ""2026-10-05T09:29:18"", ""estado"": ""conferido"", ""evidencia"": ""Amazon no Chrome logado 05/10; consumo 415,2 kWh/ano pela Colombo/LG, IDRS 7,0 inferido do consumo; frete e prazo vistos para o CEP do Josemar (Valparaiso), NAO para Floreal; garantia do fabricante exige instalador credenciado"", ""origem"": ""observacao_direta""}, ""preco"": {""data"": ""2026-10-05T09:29:18"", ""estado"": ""conferido"", ""evidencia"": ""Amazon no Chrome logado 05/10; consumo 415,2 kWh/ano pela Colombo/LG, IDRS 7,0 inferido do consumo; frete e prazo vistos para o CEP do Josemar (Valparaiso), NAO para Floreal; garantia do fabricante exige instalador credenciado"", ""origem"": ""observacao_direta""}, ""variacao"": {""data"": ""2026-10-05T09:29:18"", ""estado"": ""conferido"", ""evidencia"": ""Amazon no Chrome logado 05/10; consumo 415,2 kWh/ano pela Colombo/LG, IDRS 7,0 inferido do consumo; frete e prazo vistos para o CEP do Josemar (Valparaiso), NAO para Floreal; garantia do fabricante exige instalador credenciado"", ""origem"": ""observacao_direta""}, ""vendedor"": {""data"": ""2026-10-05T09:29:18"", ""estado"": ""conferido"", ""evidencia"": ""Amazon no Chrome logado 05/10; consumo 415,2 kWh/ano pela Colombo/LG, IDRS 7,0 inferido do consumo; frete e prazo vistos para o CEP do Josemar (Valparaiso), NAO para Floreal; garantia do fabricante exige instalador credenciado"", ""origem"": ""observacao_direta""}}"
2026-10-05T09:29:19,midea-ecomaster-42ezvca12m5,Amazon,Ar Certo,terceiro,B0FCSVKFBV,,2013.94,,170.0,9,0.0,2183.94,0.0,,0.0,2183.94,4.7,224,4.489,24,nacional,https://www.amazon.com.br/dp/B0FCSVKFBV,,web,coleta,,disponivel,"{""estoque"": {""data"": ""2026-10-05T09:29:19"", ""estado"": ""conferido"", ""evidencia"": ""Amazon no Chrome logado 05/10; IDRS 7,60 e 382,5 kWh pela ficha Frigelar; frete e prazo vistos para o CEP do Josemar (Valparaiso), NAO para Floreal; garantia do fabricante exige instalador credenciado"", ""origem"": ""observacao_direta""}, ""frete"": {""data"": ""2026-10-05T09:29:19"", ""estado"": ""conferido"", ""evidencia"": ""Amazon no Chrome logado 05/10; IDRS 7,60 e 382,5 kWh pela ficha Frigelar; frete e prazo vistos para o CEP do Josemar (Valparaiso), NAO para Floreal; garantia do fabricante exige instalador credenciado"", ""origem"": ""observacao_direta""}, ""garantia"": {""data"": ""2026-10-05T09:29:19"", ""estado"": ""conferido"", ""evidencia"": ""Amazon no Chrome logado 05/10; IDRS 7,60 e 382,5 kWh pela ficha Frigelar; frete e prazo vistos para o CEP do Josemar (Valparaiso), NAO para Floreal; garantia do fabricante exige instalador credenciado"", ""origem"": ""observacao_direta""}, ""preco"": {""data"": ""2026-10-05T09:29:19"", ""estado"": ""conferido"", ""evidencia"": ""Amazon no Chrome logado 05/10; IDRS 7,60 e 382,5 kWh pela ficha Frigelar; frete e prazo vistos para o CEP do Josemar (Valparaiso), NAO para Floreal; garantia do fabricante exige instalador credenciado"", ""origem"": ""observacao_direta""}, ""variacao"": {""data"": ""2026-10-05T09:29:19"", ""estado"": ""conferido"", ""evidencia"": ""Amazon no Chrome logado 05/10; IDRS 7,60 e 382,5 kWh pela ficha Frigelar; frete e prazo vistos para o CEP do Josemar (Valparaiso), NAO para Floreal; garantia do fabricante exige instalador credenciado"", ""origem"": ""observacao_direta""}, ""vendedor"": {""data"": ""2026-10-05T09:29:19"", ""estado"": ""conferido"", ""evidencia"": ""Amazon no Chrome logado 05/10; IDRS 7,60 e 382,5 kWh pela ficha Frigelar; frete e prazo vistos para o CEP do Josemar (Valparaiso), NAO para Floreal; garantia do fabricante exige instalador credenciado"", ""origem"": ""observacao_direta""}}"
2026-10-05T09:29:20,gree-g-side-gwc12atcxb,Amazon,ClimaRio,terceiro,B081DJTHY1,,2206.1,,139.0,15,0.0,2345.1,0.0,,0.0,2345.1,4.8,16,4.33,60,nacional,https://www.amazon.com.br/dp/B081DJTHY1,,web,coleta,,disponivel,"{""estoque"": {""data"": ""2026-10-05T09:29:20"", ""estado"": ""conferido"", ""evidencia"": ""Amazon no Chrome logado 05/10; garantia 60 meses + compressor 10 anos pela ficha Frigelar e busca; IDRS 7,01 por busca (relatorio_ia); frete e prazo vistos para o CEP do Josemar (Valparaiso), NAO para Floreal; garantia do fabricante exige instalador credenciado"", ""origem"": ""observacao_direta""}, ""frete"": {""data"": ""2026-10-05T09:29:20"", ""estado"": ""conferido"", ""evidencia"": ""Amazon no Chrome logado 05/10; garantia 60 meses + compressor 10 anos pela ficha Frigelar e busca; IDRS 7,01 por busca (relatorio_ia); frete e prazo vistos para o CEP do Josemar (Valparaiso), NAO para Floreal; garantia do fabricante exige instalador credenciado"", ""origem"": ""observacao_direta""}, ""garantia"": {""data"": ""2026-10-05T09:29:20"", ""estado"": ""conferido"", ""evidencia"": ""Amazon no Chrome logado 05/10; garantia 60 meses + compressor 10 anos pela ficha Frigelar e busca; IDRS 7,01 por busca (relatorio_ia); frete e prazo vistos para o CEP do Josemar (Valparaiso), NAO para Floreal; garantia do fabricante exige instalador credenciado"", ""origem"": ""observacao_direta""}, ""preco"": {""data"": ""2026-10-05T09:29:20"", ""estado"": ""conferido"", ""evidencia"": ""Amazon no Chrome logado 05/10; garantia 60 meses + compressor 10 anos pela ficha Frigelar e busca; IDRS 7,01 por busca (relatorio_ia); frete e prazo vistos para o CEP do Josemar (Valparaiso), NAO para Floreal; garantia do fabricante exige instalador credenciado"", ""origem"": ""observacao_direta""}, ""variacao"": {""data"": ""2026-10-05T09:29:20"", ""estado"": ""conferido"", ""evidencia"": ""Amazon no Chrome logado 05/10; garantia 60 meses + compressor 10 anos pela ficha Frigelar e busca; IDRS 7,01 por busca (relatorio_ia); frete e prazo vistos para o CEP do Josemar (Valparaiso), NAO para Floreal; garantia do fabricante exige instalador credenciado"", ""origem"": ""observacao_direta""}, ""vendedor"": {""data"": ""2026-10-05T09:29:20"", ""estado"": ""conferido"", ""evidencia"": ""Amazon no Chrome logado 05/10; garantia 60 meses + compressor 10 anos pela ficha Frigelar e busca; IDRS 7,01 por busca (relatorio_ia); frete e prazo vistos para o CEP do Josemar (Valparaiso), NAO para Floreal; garantia do fabricante exige instalador credenciado"", ""origem"": ""observacao_direta""}}"
2026-10-05T09:29:21,midea-ecomaster-42ezvca12m5,Frigelar,Frigelar,oficial,kit11595,,2472.04,2299.0,0.0,,0.0,2299.0,0.0,,0.0,2299.0,0.0,0,,24,nacional,https://www.frigelar.com.br/ar-condicionado-split-inverter-12000-btus-midea-ai-ecomaster-high-wall-frio-42ezvca12m5-38ezvca12m5-220v/p/kit11595,,web,coleta,,disponivel,"{""estoque"": {""data"": ""2026-10-05T09:29:21"", ""estado"": ""conferido"", ""evidencia"": ""Frigelar headless 05/10, promocional = PIX 7%; sem avaliacoes no site; frete para Floreal nao calculado"", ""origem"": ""observacao_direta""}, ""frete"": {""data"": ""2026-10-05T09:29:21"", ""estado"": ""conferido"", ""evidencia"": ""Frigelar headless 05/10, promocional = PIX 7%; sem avaliacoes no site; frete para Floreal nao calculado"", ""origem"": ""observacao_direta""}, ""garantia"": {""data"": ""2026-10-05T09:29:21"", ""estado"": ""conferido"", ""evidencia"": ""Frigelar headless 05/10, promocional = PIX 7%; sem avaliacoes no site; frete para Floreal nao calculado"", ""origem"": ""observacao_direta""}, ""preco"": {""data"": ""2026-10-05T09:29:21"", ""estado"": ""conferido"", ""evidencia"": ""Frigelar headless 05/10, promocional = PIX 7%; sem avaliacoes no site; frete para Floreal nao calculado"", ""origem"": ""observacao_direta""}, ""variacao"": {""data"": ""2026-10-05T09:29:21"", ""estado"": ""conferido"", ""evidencia"": ""Frigelar headless 05/10, promocional = PIX 7%; sem avaliacoes no site; frete para Floreal nao calculado"", ""origem"": ""observacao_direta""}, ""vendedor"": {""data"": ""2026-10-05T09:29:21"", ""estado"": ""conferido"", ""evidencia"": ""Frigelar headless 05/10, promocional = PIX 7%; sem avaliacoes no site; frete para Floreal nao calculado"", ""origem"": ""observacao_direta""}}"
2026-10-05T09:29:23,lg-s3-q12ja31j,Frigelar,Frigelar,oficial,kit13146,,2695.49,2506.81,0.0,,0.0,2506.81,0.0,,0.0,2506.81,0.0,0,,24,nacional,https://www.frigelar.com.br/ar-condicionado-split-inverter-12000-btus-lg-ai-dual-inverter-voice-frio-s3-q12ja31j-220v/p/kit13146,,web,coleta,,disponivel,"{""estoque"": {""data"": ""2026-10-05T09:29:23"", ""estado"": ""conferido"", ""evidencia"": ""Frigelar headless 05/10, IDRS 7,7 e 377,4 kWh na ficha; promocional = PIX 7%; sem avaliacoes no site; frete SP capital R$110,86, Floreal nao calculado"", ""origem"": ""observacao_direta""}, ""frete"": {""data"": ""2026-10-05T09:29:23"", ""estado"": ""conferido"", ""evidencia"": ""Frigelar headless 05/10, IDRS 7,7 e 377,4 kWh na ficha; promocional = PIX 7%; sem avaliacoes no site; frete SP capital R$110,86, Floreal nao calculado"", ""origem"": ""observacao_direta""}, ""garantia"": {""data"": ""2026-10-05T09:29:23"", ""estado"": ""conferido"", ""evidencia"": ""Frigelar headless 05/10, IDRS 7,7 e 377,4 kWh na ficha; promocional = PIX 7%; sem avaliacoes no site; frete SP capital R$110,86, Floreal nao calculado"", ""origem"": ""observacao_direta""}, ""preco"": {""data"": ""2026-10-05T09:29:23"", ""estado"": ""conferido"", ""evidencia"": ""Frigelar headless 05/10, IDRS 7,7 e 377,4 kWh na ficha; promocional = PIX 7%; sem avaliacoes no site; frete SP capital R$110,86, Floreal nao calculado"", ""origem"": ""observacao_direta""}, ""variacao"": {""data"": ""2026-10-05T09:29:23"", ""estado"": ""conferido"", ""evidencia"": ""Frigelar headless 05/10, IDRS 7,7 e 377,4 kWh na ficha; promocional = PIX 7%; sem avaliacoes no site; frete SP capital R$110,86, Floreal nao calculado"", ""origem"": ""observacao_direta""}, ""vendedor"": {""data"": ""2026-10-05T09:29:23"", ""estado"": ""conferido"", ""evidencia"": ""Frigelar headless 05/10, IDRS 7,7 e 377,4 kWh na ficha; promocional = PIX 7%; sem avaliacoes no site; frete SP capital R$110,86, Floreal nao calculado"", ""origem"": ""observacao_direta""}}"
2026-10-05T09:29:24,samsung-windfree-ar60h12d1,Frigelar,Frigelar,oficial,kit13116,,3120.49,2902.06,0.0,,0.0,2902.06,0.0,,0.0,2902.06,0.0,0,,12,nacional,https://www.frigelar.com.br/ar-condicionado-split-inverter-12000-btus-samsung-windfree-ai-pro-wi-fi-high-wall-frio-ar60h12d1awnaz-ar60h12d1awxaz-220v/p/kit13116,,web,coleta,,disponivel,"{""estoque"": {""data"": ""2026-10-05T09:29:24"", ""estado"": ""conferido"", ""evidencia"": ""Frigelar headless 05/10, IDRS 7,00 e 416 kWh na ficha; promocional = PIX 7%; sem avaliacoes no site"", ""origem"": ""observacao_direta""}, ""frete"": {""data"": ""2026-10-05T09:29:24"", ""estado"": ""conferido"", ""evidencia"": ""Frigelar headless 05/10, IDRS 7,00 e 416 kWh na ficha; promocional = PIX 7%; sem avaliacoes no site"", ""origem"": ""observacao_direta""}, ""garantia"": {""data"": ""2026-10-05T09:29:24"", ""estado"": ""conferido"", ""evidencia"": ""Frigelar headless 05/10, IDRS 7,00 e 416 kWh na ficha; promocional = PIX 7%; sem avaliacoes no site"", ""origem"": ""observacao_direta""}, ""preco"": {""data"": ""2026-10-05T09:29:24"", ""estado"": ""conferido"", ""evidencia"": ""Frigelar headless 05/10, IDRS 7,00 e 416 kWh na ficha; promocional = PIX 7%; sem avaliacoes no site"", ""origem"": ""observacao_direta""}, ""variacao"": {""data"": ""2026-10-05T09:29:24"", ""estado"": ""conferido"", ""evidencia"": ""Frigelar headless 05/10, IDRS 7,00 e 416 kWh na ficha; promocional = PIX 7%; sem avaliacoes no site"", ""origem"": ""observacao_direta""}, ""vendedor"": {""data"": ""2026-10-05T09:29:24"", ""estado"": ""conferido"", ""evidencia"": ""Frigelar headless 05/10, IDRS 7,00 e 416 kWh na ficha; promocional = PIX 7%; sem avaliacoes no site"", ""origem"": ""observacao_direta""}}"
2026-10-05T09:39:01,gree-g-side-gwc12atcxb,Amazon,Refricril Ar Condicionado,terceiro,B081DJTHY1,,2165.9,,190.0,12,0.0,2355.9,0.0,,0.0,2355.9,4.8,16,4.33,60,nacional,https://www.amazon.com.br/dp/B081DJTHY1,,web,coleta,,disponivel,"{""estoque"": {""data"": ""2026-10-05T09:39:01"", ""estado"": ""conferido"", ""evidencia"": ""Amazon Chrome logado 05/10, local Floreal 15320000; outra oferta do mesmo anuncio; vendedor 88% positivas (115) vs ClimaRio 61% (5521)"", ""origem"": ""observacao_direta""}, ""frete"": {""data"": ""2026-10-05T09:39:01"", ""estado"": ""conferido"", ""evidencia"": ""Amazon Chrome logado 05/10, local Floreal 15320000; outra oferta do mesmo anuncio; vendedor 88% positivas (115) vs ClimaRio 61% (5521)"", ""origem"": ""observacao_direta""}, ""garantia"": {""data"": ""2026-10-05T09:39:01"", ""estado"": ""conferido"", ""evidencia"": ""Amazon Chrome logado 05/10, local Floreal 15320000; outra oferta do mesmo anuncio; vendedor 88% positivas (115) vs ClimaRio 61% (5521)"", ""origem"": ""observacao_direta""}, ""preco"": {""data"": ""2026-10-05T09:39:01"", ""estado"": ""conferido"", ""evidencia"": ""Amazon Chrome logado 05/10, local Floreal 15320000; outra oferta do mesmo anuncio; vendedor 88% positivas (115) vs ClimaRio 61% (5521)"", ""origem"": ""observacao_direta""}, ""variacao"": {""data"": ""2026-10-05T09:39:01"", ""estado"": ""conferido"", ""evidencia"": ""Amazon Chrome logado 05/10, local Floreal 15320000; outra oferta do mesmo anuncio; vendedor 88% positivas (115) vs ClimaRio 61% (5521)"", ""origem"": ""observacao_direta""}, ""vendedor"": {""data"": ""2026-10-05T09:39:01"", ""estado"": ""conferido"", ""evidencia"": ""Amazon Chrome logado 05/10, local Floreal 15320000; outra oferta do mesmo anuncio; vendedor 88% positivas (115) vs ClimaRio 61% (5521)"", ""origem"": ""observacao_direta""}}"
2026-10-05T12:44:54,gree-g-side-gwc12atcxb,Loja Gree,Gree,oficial,CB590N13000,,2502.2,2377.09,0.0,,0.0,2377.09,0.0,,0.0,2377.09,0.0,0,,60,nacional,https://loja.gree.com.br/ar-condicionado-split-inverter-12-000-btus-gree-g-side-auto-inverter-r-32-frio-220v-12000-frio.html,,web,coleta,,,"{""estoque"": {""data"": null, ""estado"": ""nao_conferido"", ""evidencia"": """", ""origem"": ""legado_sem_evidencia""}, ""frete"": {""data"": ""2026-10-05T12:44:54"", ""estado"": ""conferido"", ""evidencia"": ""Pagina lida 05/10 (fetch publico); Pix 5%, 10x sem juros de R$250,22; frete para Floreal e codigos das unidades nao exibidos; sem avaliacoes; 90 dias se instalador nao credenciado"", ""origem"": ""observacao_direta""}, ""garantia"": {""data"": ""2026-10-05T12:44:54"", ""estado"": ""conferido"", ""evidencia"": ""Pagina lida 05/10 (fetch publico); Pix 5%, 10x sem juros de R$250,22; frete para Floreal e codigos das unidades nao exibidos; sem avaliacoes; 90 dias se instalador nao credenciado"", ""origem"": ""observacao_direta""}, ""preco"": {""data"": ""2026-10-05T12:44:54"", ""estado"": ""conferido"", ""evidencia"": ""Pagina lida 05/10 (fetch publico); Pix 5%, 10x sem juros de R$250,22; frete para Floreal e codigos das unidades nao exibidos; sem avaliacoes; 90 dias se instalador nao credenciado"", ""origem"": ""observacao_direta""}, ""variacao"": {""data"": ""2026-10-05T12:44:54"", ""estado"": ""conferido"", ""evidencia"": ""Pagina lida 05/10 (fetch publico); Pix 5%, 10x sem juros de R$250,22; frete para Floreal e codigos das unidades nao exibidos; sem avaliacoes; 90 dias se instalador nao credenciado"", ""origem"": ""observacao_direta""}, ""vendedor"": {""data"": ""2026-10-05T12:44:54"", ""estado"": ""conferido"", ""evidencia"": ""Pagina lida 05/10 (fetch publico); Pix 5%, 10x sem juros de R$250,22; frete para Floreal e codigos das unidades nao exibidos; sem avaliacoes; 90 dias se instalador nao credenciado"", ""origem"": ""observacao_direta""}}"
2026-10-05T13:22:01,lg-s3-q12ja31l,Amazon,Leveros,terceiro,B0GL9FF7Q5,,2519.1,,129.99,13,0.0,2649.09,0.0,,0.0,2649.09,4.7,216,4.485,24,nacional,https://www.amazon.com.br/dp/B0GL9FF7Q5,,web,coleta,,disponivel,"{""estoque"": {""data"": ""2026-10-05T13:22:01"", ""estado"": ""conferido"", ""evidencia"": ""Outra oferta do mesmo anuncio, local Floreal 05/10; vendedor 94% positivas (4572)"", ""origem"": ""observacao_direta""}, ""frete"": {""data"": ""2026-10-05T13:22:01"", ""estado"": ""conferido"", ""evidencia"": ""Outra oferta do mesmo anuncio, local Floreal 05/10; vendedor 94% positivas (4572)"", ""origem"": ""observacao_direta""}, ""garantia"": {""data"": ""2026-10-05T13:22:01"", ""estado"": ""conferido"", ""evidencia"": ""Outra oferta do mesmo anuncio, local Floreal 05/10; vendedor 94% positivas (4572)"", ""origem"": ""observacao_direta""}, ""preco"": {""data"": ""2026-10-05T13:22:01"", ""estado"": ""conferido"", ""evidencia"": ""Outra oferta do mesmo anuncio, local Floreal 05/10; vendedor 94% positivas (4572)"", ""origem"": ""observacao_direta""}, ""variacao"": {""data"": ""2026-10-05T13:22:01"", ""estado"": ""conferido"", ""evidencia"": ""Outra oferta do mesmo anuncio, local Floreal 05/10; vendedor 94% positivas (4572)"", ""origem"": ""observacao_direta""}, ""vendedor"": {""data"": ""2026-10-05T13:22:01"", ""estado"": ""conferido"", ""evidencia"": ""Outra oferta do mesmo anuncio, local Floreal 05/10; vendedor 94% positivas (4572)"", ""origem"": ""observacao_direta""}}"
2026-10-05T13:22:02,lg-s3-q12ja31l,WebContinental,WebContinental,terceiro,,,2573.2,2409.0,0.0,,0.0,2409.0,0.0,,0.0,2409.0,0.0,0,,24,nacional,https://www.webcontinental.com.br/ar-condicionado-split-lg-dual-inverter-ai-voice-12000-btus-frio-220v-s3-q12ja31l-010101001j91214221/p,,web,coleta,,,"{""estoque"": {""data"": null, ""estado"": ""nao_conferido"", ""evidencia"": """", ""origem"": ""legado_sem_evidencia""}, ""frete"": {""data"": ""2026-10-05T13:22:02"", ""estado"": ""conferido"", ""evidencia"": ""WebFetch 05/10: Pix/boleto R$2.409, 8x R$321,65; frete Floreal nao calculado"", ""origem"": ""relatorio_ia""}, ""garantia"": {""data"": ""2026-10-05T13:22:02"", ""estado"": ""conferido"", ""evidencia"": ""WebFetch 05/10: Pix/boleto R$2.409, 8x R$321,65; frete Floreal nao calculado"", ""origem"": ""relatorio_ia""}, ""preco"": {""data"": ""2026-10-05T13:22:02"", ""estado"": ""conferido"", ""evidencia"": ""WebFetch 05/10: Pix/boleto R$2.409, 8x R$321,65; frete Floreal nao calculado"", ""origem"": ""relatorio_ia""}, ""variacao"": {""data"": ""2026-10-05T13:22:02"", ""estado"": ""conferido"", ""evidencia"": ""WebFetch 05/10: Pix/boleto R$2.409, 8x R$321,65; frete Floreal nao calculado"", ""origem"": ""relatorio_ia""}, ""vendedor"": {""data"": ""2026-10-05T13:22:02"", ""estado"": ""conferido"", ""evidencia"": ""WebFetch 05/10: Pix/boleto R$2.409, 8x R$321,65; frete Floreal nao calculado"", ""origem"": ""relatorio_ia""}}"
2026-10-05T13:22:04,lg-s3-q12ja31l,Friopecas,Friopecas,terceiro,,,2555.76,2428.0,0.0,,0.0,2428.0,0.0,,0.0,2428.0,0.0,0,,24,nacional,https://www.friopecas.com.br/split-lg-hw-12k-220-f-voice-in-1038776/p,,web,coleta,,,"{""estoque"": {""data"": null, ""estado"": ""nao_conferido"", ""evidencia"": """", ""origem"": ""legado_sem_evidencia""}, ""frete"": {""data"": ""2026-10-05T13:22:04"", ""estado"": ""conferido"", ""evidencia"": ""WebFetch 05/10: Pix R$2.428, 8x R$319,47 sem juros; cupom QUEROLG150 anunciado na pagina (efeito nao verificado); frete Floreal nao calculado"", ""origem"": ""relatorio_ia""}, ""garantia"": {""data"": ""2026-10-05T13:22:04"", ""estado"": ""conferido"", ""evidencia"": ""WebFetch 05/10: Pix R$2.428, 8x R$319,47 sem juros; cupom QUEROLG150 anunciado na pagina (efeito nao verificado); frete Floreal nao calculado"", ""origem"": ""relatorio_ia""}, ""preco"": {""data"": ""2026-10-05T13:22:04"", ""estado"": ""conferido"", ""evidencia"": ""WebFetch 05/10: Pix R$2.428, 8x R$319,47 sem juros; cupom QUEROLG150 anunciado na pagina (efeito nao verificado); frete Floreal nao calculado"", ""origem"": ""relatorio_ia""}, ""variacao"": {""data"": ""2026-10-05T13:22:04"", ""estado"": ""conferido"", ""evidencia"": ""WebFetch 05/10: Pix R$2.428, 8x R$319,47 sem juros; cupom QUEROLG150 anunciado na pagina (efeito nao verificado); frete Floreal nao calculado"", ""origem"": ""relatorio_ia""}, ""vendedor"": {""data"": ""2026-10-05T13:22:04"", ""estado"": ""conferido"", ""evidencia"": ""WebFetch 05/10: Pix R$2.428, 8x R$319,47 sem juros; cupom QUEROLG150 anunciado na pagina (efeito nao verificado); frete Floreal nao calculado"", ""origem"": ""relatorio_ia""}}"
